{
    "scheduleQuotes": [
      {
        "id": "quote_001",
        "customerId": "user_001",
        "serviceType": "hardware-repair",
        "deviceType": "laptop",
        "urgency": "standard",
        "basePrice": 120,
        "devicePrice": 0,
        "urgencyPrice": 0,
        "totalPrice": 120,
        "appointmentDate": "2025-05-22T10:00:00Z",
        "serviceLocation": "drop-off",
        "status": "confirmed",
        "createdAt": "2025-05-18T10:30:00Z",
        "notes": "Screen replacement needed"
      },
      {
        "id": "quote_002",
        "customerId": "user_002",
        "serviceType": "network-setup",
        "deviceType": "server",
        "urgency": "priority",
        "basePrice": 100,
        "devicePrice": 50,
        "urgencyPrice": 25,
        "totalPrice": 175,
        "appointmentDate": "2025-05-21T09:00:00Z",
        "serviceLocation": "on-site",
        "status": "pending",
        "createdAt": "2025-05-19T11:15:00Z",
        "notes": "Network infrastructure upgrade"
      }
    ]
  }
  