{
    "spareParts": [
      {
        "id": "CPU001",
        "name": "Intel Core i7-12700K",
        "category": "cpu",
        "stock": 15,
        "minStock": 5,
        "unitPrice": 399.99,
        "supplier": "Intel Corp",
        "status": "in-stock",
        "lastOrdered": "2025-04-15T10:00:00Z",
        "createdAt": "2025-01-10T09:00:00Z",
        "updatedAt": "2025-05-18T14:30:00Z"
      },
      {
        "id": "RAM002",
        "name": "Corsair Vengeance 32GB DDR4",
        "category": "memory",
        "stock": 3,
        "minStock": 10,
        "unitPrice": 159.99,
        "supplier": "Corsair",
        "status": "low-stock",
        "lastOrdered": "2025-05-01T11:00:00Z",
        "createdAt": "2025-01-15T10:30:00Z",
        "updatedAt": "2025-05-20T09:15:00Z"
      },
      {
        "id": "SSD003",
        "name": "Samsung 980 PRO 1TB NVMe",
        "category": "storage",
        "stock": 0,
        "minStock": 8,
        "unitPrice": 129.99,
        "supplier": "Samsung",
        "status": "out-of-stock",
        "lastOrdered": "2025-05-10T14:00:00Z",
        "createdAt": "2025-02-01T08:45:00Z",
        "updatedAt": "2025-05-19T16:20:00Z"
      },
      {
        "id": "GPU004",
        "name": "NVIDIA RTX 4070",
        "category": "graphics",
        "stock": 7,
        "minStock": 3,
        "unitPrice": 599.99,
        "supplier": "NVIDIA",
        "status": "in-stock",
        "lastOrdered": "2025-03-20T12:30:00Z",
        "createdAt": "2025-01-20T11:15:00Z",
        "updatedAt": "2025-05-15T13:45:00Z"
      }
    ],
    "orders": [
      {
        "id": "ORD-2025-001",
        "items": [
          {
            "partId": "CPU001",
            "quantity": 10,
            "unitPrice": 399.99
          }
        ],
        "totalAmount": 3999.9,
        "supplier": "Intel Corp",
        "status": "shipped",
        "orderDate": "2025-05-15T10:00:00Z",
        "expectedDelivery": "2025-05-25T16:00:00Z"
      },
      {
        "id": "ORD-2025-002",
        "items": [
          {
            "partId": "RAM002",
            "quantity": 20,
            "unitPrice": 159.99
          }
        ],
        "totalAmount": 3199.8,
        "supplier": "Corsair",
        "status": "processing",
        "orderDate": "2025-05-18T14:30:00Z",
        "expectedDelivery": "2025-05-27T12:00:00Z"
      }
    ]
  }
  